date,yt_pred_trend,yt_pred_trend_month,yt_pred_trend_sincos,yt_pred_ar_d1d12,yt_true
1946-01-01,1565.103194667892,1095.0249999999937,1037.849494925636,,890
1946-02-01,1575.7755987028142,1077.393421052631,1141.508770250461,,992
1946-03-01,1586.4480027377367,1214.0776315789474,1175.3315279815226,,979
1946-04-01,1597.120406772659,1322.130263157894,1314.3866779007915,,959
1946-05-01,1607.7928108075814,1385.0250000000005,1452.3128203793424,,1110
1946-06-01,1618.4652148425037,1539.4986842105266,1419.9578897547003,,1546
1946-07-01,1629.1376188774261,1929.7092105263152,2084.6015534054854,,1539
1946-08-01,1639.8100229123484,3034.4986842105254,2875.01961501091,,3401
1946-09-01,1650.4824269472708,2284.709210526316,2421.172151928547,,2092
1946-10-01,1661.154830982193,1815.6565789473689,1728.0364442026857,,1436
1946-11-01,1671.8272350171155,1636.1302631578947,1666.5592805833592,,1301
1946-12-01,1682.4996390520378,1397.6039473684214,1421.78102182246,,1287
1947-01-01,1693.1720430869602,1220.817543859643,1163.5766744018679,,1488
1947-02-01,1703.8444471218825,1203.1859649122803,1267.235949726693,,1517
1947-03-01,1714.516851156805,1339.8701754385966,1301.0587074577547,,1707
1947-04-01,1725.1892551917272,1447.9228070175432,1440.1138573770234,,1729
1947-05-01,1735.8616592266496,1510.81754385965,1578.0399998555743,,1788
1947-06-01,1746.5340632615719,1665.2912280701757,1545.6850692309322,,2008
1947-07-01,1757.2064672964943,2055.5017543859644,2210.3287328817173,,2203
1947-08-01,1767.8788713314166,3160.2912280701744,3000.746794487142,,3713
1947-09-01,1778.551275366339,2410.501754385965,2546.899331404779,,2946
1947-10-01,1789.2236794012613,1941.449122807018,1853.7636236789176,,2082
1947-11-01,1799.8960834361837,1761.9228070175436,1792.286460059591,,2033
1947-12-01,1810.568487471106,1523.3964912280705,1547.5082012986918,,1937
1948-01-01,1821.2408915060284,1346.610087719292,1289.3038538780997,,1711
1948-02-01,1831.9132955409507,1328.9785087719295,1392.9631292029248,,1775
1948-03-01,1842.5856995758732,1465.6627192982455,1426.7858869339866,1972.255844928933,1902
1948-04-01,1853.2581036107954,1573.7153508771923,1565.8410368532552,1965.2077776186552,1846
1948-05-01,1863.9305076457179,1636.610087719299,1703.7671793318061,2015.5355067383657,2083
1948-06-01,1874.60291168064,1791.0837719298247,1671.412248707164,2424.4744858631075,2262
1948-07-01,1885.2753157155626,2181.2942982456134,2336.0559123579496,2359.0735418264676,2193
1948-08-01,1895.9477197504848,3286.083771929824,3126.4739739633737,3968.045416737956,3792
1948-09-01,1906.6201237854073,2536.2942982456143,2672.626510881011,2808.073884261493,2343
1948-10-01,1917.2925278203295,2067.2416666666672,1979.4908031551495,1778.067283847936,2313
1948-11-01,1927.964931855252,1887.7153508771928,1918.0136395358231,2014.3409039262572,2179
1948-12-01,1938.6373358901742,1649.1890350877197,1673.2353807749237,2064.6397403383066,1975
1949-01-01,1949.3097399250967,1472.402631578941,1415.0310333543316,1946.7376166864844,1880
1949-02-01,1959.982143960019,1454.7710526315786,1518.6903086791567,1920.0382763384187,1930
1949-03-01,1970.6545479949414,1591.455263157895,1552.5130664102185,1982.7815379669228,2060
1949-04-01,1981.3269520298636,1699.5078947368415,1691.568216329487,2044.2205330800784,1843
1949-05-01,1991.999356064786,1762.402631578948,1829.494358808038,2085.3814693783934,2052
1949-06-01,2002.6717600997083,1916.8763157894741,1797.139428183396,2220.6510949977433,2039
1949-07-01,2013.3441641346308,2307.086842105263,2461.7830918341815,2249.044692701502,2351
1949-08-01,2024.016568169553,3411.8763157894728,3252.2011534396056,3762.607581117477,3394
1949-09-01,2034.6889722044755,2662.0868421052637,2798.353690357243,2548.435338491426,3581
1949-10-01,2045.3613762393977,2193.034210526316,2105.2179826313813,2640.605934145344,2489
1949-11-01,2056.03378027432,2013.507894736842,2043.740819012055,2469.6987478975752,2468
1949-12-01,2066.7061843092424,1774.981578947369,1798.9625602511555,2226.19349648466,2134
1950-01-01,2077.3785883441647,1598.1951754385905,1540.7582128305635,2046.4588016074365,1903
1950-02-01,2088.050992379087,1580.5635964912278,1644.4174881553888,1992.4703447260517,1719
1950-03-01,2098.7233964140096,1717.247807017544,1678.2402458864503,2074.5844593709207,1617
1950-04-01,2109.395800448932,1825.3004385964905,1817.2953958057192,1683.1418042594453,1818
1950-05-01,2120.068204483854,1888.1951754385973,1955.22153828427,1980.5450024229017,2067
1950-06-01,2130.7406085187768,2042.668859649123,1922.8666076596278,2195.6997235199233,2457
1950-07-01,2141.413012553699,2432.8793859649118,2587.5102713104134,2317.670010183856,2600
1950-08-01,2152.0854165886212,3537.6688596491217,3377.9283329158375,3950.114521213786,3530
1950-09-01,2162.7578206235435,2787.8793859649127,2924.080869833475,2955.789534250798,2693
1950-10-01,2173.4302246584657,2318.8267543859656,2230.945162107613,2185.362043995555,2448
1950-11-01,2184.1026286933884,2139.3004385964914,2169.467998488287,2356.633282208579,2250
1950-12-01,2194.7750327283106,1900.774122807018,1924.6897397273874,2083.92727586497,1972
1951-01-01,2205.447436763233,1723.9877192982394,1666.4853923067953,1834.4339849892567,1682
1951-02-01,2216.1198407981556,1706.356140350877,1770.1446676316207,1632.1512663734024,1730
1951-03-01,2226.792244833078,1843.040350877193,1803.9674253626822,1650.0431531642243,1814
1951-04-01,2237.464648868,1951.09298245614,1943.022575281951,1735.521188189846,1900
1951-05-01,2248.1370529029223,2013.9877192982465,2080.948717760502,2059.4323092802033,2051
1951-06-01,2258.8094569378445,2168.4614035087725,2048.5937871358597,2243.063972091512,2290
1951-07-01,2269.481860972767,2558.671929824561,2713.2374507866452,2505.6904044795233,2599
1951-08-01,2280.1542650076894,3663.461403508771,3503.6555123920693,3447.2218188010147,3428
1951-09-01,2290.8266690426117,2913.6719298245616,3049.808049309707,3216.8067766888084,2262
1951-10-01,2301.4990730775344,2444.6192982456146,2356.672341583845,2018.5965940809679,2242
1951-11-01,2312.1714771124566,2265.0929824561404,2295.1951779645187,1945.3501225150542,2103
1951-12-01,2322.843881147379,2026.5666666666673,2050.4169192036193,1810.473888536565,1825
1952-01-01,2333.516285182301,1849.7802631578886,1792.2125717830272,1564.4544369281919,1670
1952-02-01,2344.1886892172233,1832.148684210526,1895.8718471078525,1574.5203931965768,1681
1952-03-01,2354.861093252146,1968.8328947368423,1929.694604838914,1586.8698042319586,1713
1952-04-01,2365.5334972870683,2076.885526315789,2068.749754758183,1792.4934808245737,1954
1952-05-01,2376.2059013219905,2139.7802631578957,2206.675897236734,2064.075781088534,1876
1952-06-01,2386.878305356913,2294.2539473684214,2174.320966612092,2292.9720498053925,2272
1952-07-01,2397.5507093918354,2684.46447368421,2838.964630262877,2496.1662001117747,2612
1952-08-01,2408.2231134267577,3789.25394736842,3629.382691868301,3402.31706455876,3590
1952-09-01,2418.89551746168,3039.464473684211,3175.5352287859387,2527.949162726716,2496
1952-10-01,2429.567921496602,2570.411842105264,2482.399521060077,2391.2745564996276,2441
1952-11-01,2440.240325531525,2390.8855263157893,2420.9223574407506,2195.558485689039,2340
1952-12-01,2450.912729566447,2152.359210526316,2176.144098679851,2020.759905111632,2090
1953-01-01,2461.5851336013693,1975.5728070175378,1917.939751259259,1841.8684165104207,1812
1953-02-01,2472.257537636292,1957.9412280701754,2021.5990265840844,1852.2640728521567,1788
1953-03-01,2482.9299416712142,2094.625438596491,2055.421784315146,1915.4649992257187,1837
1953-04-01,2493.6023457061365,2202.6780701754383,2194.476934234415,2021.0194374229975,1993
1953-05-01,2504.2747497410587,2265.5728070175446,2332.4030767129652,2065.683179986679,2021
1953-06-01,2514.947153775981,2420.0464912280704,2300.048146088324,2381.2397226574753,2199
1953-07-01,2525.6195578109036,2810.2570175438595,2964.691809739109,2609.9441725559764,2622
1953-08-01,2536.291961845826,3915.0464912280695,3755.1098713445335,3529.7495547515437,3787
1953-09-01,2546.964365880748,3165.25701754386,3301.2624082621705,2554.2235968120904,2914
1953-10-01,2557.636769915671,2696.204385964913,2608.126700536309,2726.6867451614517,2487
1953-11-01,2568.309173950593,2516.6780701754387,2546.6495369169825,2482.940657002095,2314
1953-12-01,2578.9815779855153,2278.1517543859654,2301.871278156083,2056.640816530725,2139
1954-01-01,2589.6539820204375,2101.3653508771868,2043.666930735491,1891.6433828003549,2124
1954-02-01,2600.3263860553598,2083.7337719298243,2147.3262060603165,2047.0925383084352,2214
1954-03-01,2610.9987900902825,2220.4179824561406,2181.148963791378,2188.910692110557,2234
1954-04-01,2621.6711941252047,2328.4706140350872,2320.2041137106467,2397.5923975792393,2279
1954-05-01,2632.343598160127,2391.365350877194,2458.1302561891976,2251.754149424397,2423
1954-06-01,2643.0160021950496,2545.83903508772,2425.7753255645557,2605.2059702262122,2290
1954-07-01,2653.6884062299714,2936.0495614035085,3090.418989215341,2862.1593079036884,2903
1954-08-01,2664.360810264894,4040.8390350877185,3880.8370508207654,3981.396229431487,4485
1954-09-01,2675.0332142998163,3291.0495614035094,3426.9895877384024,3287.061570222675,3085
1954-10-01,2685.7056183347386,2821.9969298245624,2733.8538800125407,2942.911759877629,2852
1954-11-01,2696.3780223696613,2642.4706140350877,2672.3767163932143,2725.3903657133005,2629
1954-12-01,2707.0504264045835,2403.944298245615,2427.5984576323153,2468.0376094190797,2435
1955-01-01,2717.7228304395057,2227.157894736836,2169.394110211723,2317.5283871793413,2227
1955-02-01,2728.3952344744284,2209.5263157894738,2273.0533855365484,2340.9693424101124,1944
1955-03-01,2739.06763850935,2346.21052631579,2306.8761432676097,2142.5929346825137,2125
1955-04-01,2749.740042544273,2454.2631578947367,2445.9312931868785,2276.49759611929,2260
1955-05-01,2760.412446579195,2517.1578947368434,2583.8574356654294,2357.0249417504992,2299
1955-06-01,2771.0848506141174,2671.631578947369,2551.5025050407876,2347.4866481199406,2323
1955-07-01,2781.75725464904,3061.8421052631575,3216.1461686915727,2907.774238458295,2659
1955-08-01,2792.4296586839623,4166.631578947368,4006.5642302969973,4038.965598575899,3761
1955-09-01,2803.1020627188846,3416.8421052631584,3552.7167672146343,2743.660015664742,2779
1955-10-01,2813.7744667538072,2947.7894736842113,2859.5810594887726,2463.5854750537305,2761
1955-11-01,2824.446870788729,2768.2631578947367,2798.103895869446,2441.98325304631,2446
1955-12-01,2835.1192748236517,2529.736842105264,2553.325637108547,2272.578167906351,2278
1956-01-01,2845.791678858574,2352.9504385964856,2295.1212896879547,2063.447005838523,1879
1956-02-01,2856.464082893496,2335.3188596491227,2398.7805650127802,1821.3105596980467,1881
1956-03-01,2867.136486928419,2472.003070175439,2432.6033227438415,1944.7964647125273,2165
1956-04-01,2877.808890963341,2580.0557017543856,2571.6584726631104,2142.348317926136,2199
1956-05-01,2888.4812949982634,2642.950438596492,2709.5846151416613,2292.6481602948625,2308
1956-06-01,2899.153699033186,2797.4241228070177,2677.2296845170195,2228.112918046335,2529
1956-07-01,2909.826103068108,3187.634649122807,3341.8733481678046,2774.352124124238,2573
1956-08-01,2920.4985071030305,4292.424122807017,4132.291409773229,4060.8434427701236,3946
1956-09-01,2931.1709111379528,3542.6346491228073,3678.443946690866,2806.7237608228575,3200
1956-10-01,2941.843315172875,3073.5820175438603,2985.3082389650044,2876.90077444511,2574
1956-11-01,2952.5157192077977,2894.055701754386,2923.831075345678,2486.6485372491134,2422
1956-12-01,2963.1881232427195,2655.5293859649128,2679.052816584779,2227.8933668734126,2446
1957-01-01,2973.860527277642,2478.7429824561345,2420.8484691641866,2091.8702211722707,2828
1957-02-01,2984.5329313125644,2461.111403508772,2524.507744489012,2407.0695358481316,2879
1957-03-01,2995.2053353474867,2597.795614035088,2558.3305022200734,2905.136984827648,2800
1957-04-01,3005.8777393824093,2705.8482456140346,2697.3856521393423,2853.957148452494,2835
1957-05-01,3016.5501434173316,2768.7429824561414,2835.311794617893,2897.551376467863,2585
1957-06-01,3027.222547452254,2923.216666666667,2802.9568639932513,2817.8779052974983,2787
1957-07-01,3037.8949514871765,3313.427192982456,3467.6005276440364,3066.4900560545734,3334
1957-08-01,3048.5673555220983,4418.216666666665,4258.018589249461,4598.273226424709,4746
1957-09-01,3059.239759557021,3668.4271929824567,3804.171126167098,3770.8168716840905,3613
1957-10-01,3069.912163591943,3199.3745614035097,3111.0354184412363,3358.1737529992556,3463
1957-11-01,3080.5845676268655,3019.8482456140355,3049.55825482191,3140.227955865855,3274
1957-12-01,3091.256971661788,2781.321929824562,2804.779996061011,3198.66344117608,2801
1958-01-01,3101.9293756967104,2604.5355263157835,2546.5756486404184,3015.647233898225,2488
1958-02-01,3112.6017797316326,2586.903947368421,2650.234923965244,2715.90893287063,2386
1958-03-01,3123.2741837665553,2723.5881578947374,2684.0576816963057,2707.301458926191,2428
1958-04-01,3133.946587801477,2831.640789473684,2823.112831615574,2657.630920441685,2678
1958-05-01,3144.6189918364,2894.535526315791,2961.038974094125,2613.690048175186,2744
1958-06-01,3155.291395871322,3049.0092105263166,2928.684043469483,2952.8271286167073,2772
1958-07-01,3165.9637999062443,3439.2197368421052,3593.3277071202683,3085.3079625306946,3520
1958-08-01,3176.636203941167,4544.009210526316,4383.745768725693,4557.493740505441,3833
1958-09-01,3187.308607976089,3794.219736842106,3929.89830564333,3274.453708883019,3377
1958-10-01,3197.9810120110114,3325.1671052631586,3236.762597917468,2906.683556474512,3013
1958-11-01,3208.653416045934,3145.6407894736844,3175.285434298142,2852.617668510902,2871
1958-12-01,3219.325820080856,2907.114473684211,2930.507175537243,2579.7174077678706,2592
1959-01-01,3229.9982241157786,2730.328070175433,2672.3028281166503,2609.4389480750306,2375
1959-02-01,3240.670628150701,2712.69649122807,2775.962103441476,2358.949675008915,2304
1959-03-01,3251.343032185623,2849.3807017543863,2809.7848611725376,2262.982589609565,2464
1959-04-01,3262.015436220546,2957.4333333333334,2948.840011091806,2511.748669102958,2557
1959-05-01,3272.687840255468,3020.3280701754397,3086.766153570357,2421.8264626730206,2739
1959-06-01,3283.3602442903903,3174.8017543859655,3054.411222945715,2771.0584830533,2714
1959-07-01,3294.032648325313,3565.012280701754,3719.0548865965,3294.38921096169,3102
1959-08-01,3304.7050523602347,4669.801754385964,4509.472948201925,4096.696249395776,3961
1959-09-01,3315.3774563951574,3920.012280701755,4055.6254851195617,3243.809844635462,3772
1959-10-01,3326.0498604300797,3450.959649122808,3362.4897773937,3226.724111863509,3245
1959-11-01,3336.722264465002,3271.4333333333334,3301.0126137743737,3136.5039531736616,3104
1959-12-01,3347.3946684999246,3032.90701754386,3056.2343550134747,2693.5769136677945,2869
1960-01-01,3358.067072534847,2856.120614035082,2798.030007592882,2496.720372979334,2513
1960-02-01,3368.739476569769,2838.4890350877195,2901.6892829177077,2474.92972713666,2385
1960-03-01,3379.4118806046918,2975.1732456140353,2935.5120406487695,2536.353133182487,2756
1960-04-01,3390.0842846396135,3083.2258771929824,3074.567190568038,2860.1896413747427,2927
1960-05-01,3400.7566886745362,3146.120614035089,3212.4933330465888,3068.090762942997,2940
1960-06-01,3411.4290927094585,3300.594298245615,3180.138402421947,2925.468997796254,3180
1960-07-01,3422.1014967443807,3690.8048245614036,3844.782066072732,3659.8518246975273,3791
1960-08-01,3432.7739007793034,4795.594298245614,4635.200127678157,4369.9869498181515,4093
1960-09-01,3443.4463048142256,4045.804824561404,4181.352664595794,3852.5326191908466,4309
1960-10-01,3454.118708849148,3576.752192982457,3488.216956869932,3658.1592659171315,3532
1960-11-01,3464.7911128840706,3397.225877192983,3426.7397932506055,3519.866735815794,3408
1960-12-01,3475.4635169189924,3158.6995614035095,3181.9615344897065,3169.9706993263358,2839
1961-01-01,3486.135920953915,2981.913157894731,2923.757187069114,2723.2670553641456,2792
1961-02-01,3496.8083249888373,2964.2815789473684,3027.4164623939396,2658.561616784177,2798
1961-03-01,3507.4807290237595,3100.9657894736847,3061.2392201250013,3067.3740634123365,3007
1961-04-01,3518.153133058682,3209.0184210526313,3200.2943700442697,3119.961552508722,3086
1961-05-01,3528.8255370936045,3271.913157894738,3338.22051252282,3206.9284323851753,3201
1961-06-01,3539.4979411285267,3426.386842105264,3305.865581898179,3341.105013682734,3428
1961-07-01,3550.1703451634494,3816.5973684210526,3970.509245548964,3821.3504618258376,3754
1961-08-01,3560.842749198371,4921.386842105263,4760.9273071543885,4432.251998404896,4917
1961-09-01,3571.515153233294,4171.597368421053,4307.0798440720255,4696.851113640492,3760
1961-10-01,3582.187557268216,3702.544736842106,3613.9441363461638,3538.8875142535676,3609
1961-11-01,3592.8599613031383,3523.0184210526318,3552.4669727268374,3329.063230328215,3471
1961-12-01,3603.532365338061,3284.492105263159,3307.6887139659384,3106.1618820762083,3347
1962-01-01,3614.204769372983,3107.7057017543802,3049.4843665453463,3041.8876847989295,3333
1962-02-01,3624.8771734079055,3090.074122807018,3153.1436418701715,3157.805929285995,3456
1962-03-01,3635.549577442828,3226.758333333334,3186.966399601233,3508.9694468199123,3569
1962-04-01,3646.22198147775,3334.8109649122807,3326.021549520502,3671.23792239352,3900
1962-05-01,3656.8943855126727,3397.705701754387,3463.947691999053,3822.9446085669542,3909
1962-06-01,3667.5667895475945,3552.179385964913,3431.5927613744107,4067.8272948959293,4098
1962-07-01,3678.239193582517,3942.389912280702,4096.236425025196,4693.263911084071,4826
1962-08-01,3688.91159761744,5047.1793859649115,4886.65448663062,5366.609942883283,5770
1962-09-01,3699.5840016523616,4297.389912280703,4432.807023548257,5154.450021952176,5108
1962-10-01,3710.2564056872843,3828.3372807017554,3739.6713158223956,4721.733864279409,4360
1962-11-01,3720.928809722207,3648.810964912281,3678.1941522030693,4350.547876672563,4100
1962-12-01,3731.601213757129,3410.284649122808,3433.4158934421703,3874.633435680257,3562
1963-01-01,3742.2736177920515,3233.498245614029,3175.211546021578,3743.420805368858,3284
1963-02-01,3752.9460218269733,3215.866666666667,3278.8708213464033,3596.469915140806,3278
1963-03-01,3763.618425861896,3352.550877192983,3312.693579077465,3698.887484754231,3424
1963-04-01,3774.2908298968187,3460.6035087719297,3451.7487289967335,3788.856457269442,3843
1963-05-01,3784.9632339317404,3523.4982456140365,3589.674871475285,3874.866653108444,3614
1963-06-01,3795.635637966663,3677.9719298245623,3557.3199408506425,3987.5054007648,3536
1963-07-01,3806.308042001586,4068.182456140351,4221.963604501428,4170.540755705464,4505
1963-08-01,3816.9804460365076,5172.971929824562,5012.381666106852,5438.841554397917,5456
1963-09-01,3827.6528500714303,4423.182456140352,4558.534203024489,4534.1230016725785,4881
1963-10-01,3838.325254106352,3954.129824561405,3865.3984952986275,4224.892197721686,4041
1963-11-01,3848.9976581412748,3774.60350877193,3803.921331679301,3900.4483555806783,3724
1963-12-01,3859.6700621761975,3536.077192982457,3559.143072918402,3341.972107779065,3525
1964-01-01,3870.3424662111192,3359.2907894736786,3300.93872549781,3258.5044398035793,3437
1964-02-01,3881.014870246042,3341.6592105263157,3404.598000822635,3389.293976885231,3324
1964-03-01,3891.6872742809646,3478.3434210526325,3438.420758553697,3465.329305208071,3977
1964-04-01,3902.3596783158864,3586.3960526315786,3577.4759084729653,4055.996800949575,4025
1964-05-01,3913.032082350809,3649.290789473686,3715.4020509515167,3891.072855744736,4016
1964-06-01,3923.704486385731,3803.764473684211,3683.0471203268744,4003.4331578820547,4031
1964-07-01,3934.3768904206536,4193.975,4347.6907839776595,4889.017150948132,4489
1964-08-01,3945.0492944555763,5298.76447368421,5138.108845583084,5610.526096567959,5563
1964-09-01,3955.721698490498,4548.975,4684.261382500721,4993.839208255449,5709
1964-10-01,3966.3941025254207,4079.9223684210538,3991.1256747748594,4611.948816204971,4620
1964-11-01,3977.0665065603434,3900.396052631579,3929.648511155533,4419.473631015172,4160
1964-12-01,3987.738910595265,3661.8697368421062,3684.870252394634,3886.5922268055365,4012
1965-01-01,3998.411314630188,3485.0833333333276,3426.665904974042,3701.1737949998237,3987
1965-02-01,4009.0837186651097,3467.451754385965,3530.325180298867,3895.1555075175725,4155
1965-03-01,4019.7561227000324,3604.1359649122815,3564.147938029929,4460.723871879491,4054
1965-04-01,4030.428526734955,3712.188596491228,3703.2030879491967,4488.057238938567,4485
1965-05-01,4041.100930769877,3775.0833333333344,3841.1292304277486,4394.346898340462,4558
1965-06-01,4051.7733348047996,3929.5570175438606,3808.7742998031063,4428.269716313419,4462
1965-07-01,4062.4457388397223,4319.767543859649,4473.417963453891,5159.303705223095,4594
1965-08-01,4073.118142874644,5424.557017543859,5263.836025059316,5971.379865484802,6481
1965-09-01,4083.7905469095667,4674.767543859651,4809.988561976953,5942.584694352912,6345
1965-10-01,4094.4629509444885,4205.714912280702,4116.852854251091,5245.124647457478,5142
1965-11-01,4105.135354979411,4026.1885964912285,4055.375690631765,4800.60449984801,4824
1965-12-01,4115.807759014334,3787.662280701755,3810.597431870866,4601.677349065785,4573
1966-01-01,4126.480163049256,3610.875877192977,3552.393084450274,4564.1271986065585,4158
1966-02-01,4137.152567084178,3593.244298245614,3656.052359775099,4314.902644845187,4140
1966-03-01,4147.824971119101,3729.928508771931,3689.8751175061607,4516.756323819856,4251
1966-04-01,4158.497375154023,3837.981140350877,3828.9302674254286,4689.039323689931,4734
1966-05-01,4169.1697791889455,3900.875877192984,3966.8564099039804,4737.319601646202,4858
1966-06-01,4179.842183223867,4055.3495614035096,3934.501479279338,4728.008763301079,4798
1966-07-01,4190.51458725879,4445.560087719298,4599.145142930123,5127.123344642403,5080
1966-08-01,4201.186991293713,5550.349561403509,5389.563204535548,6526.31890369809,6905
1966-09-01,4211.8593953286345,4800.560087719299,4935.715741453185,6673.2772118921675,5504
1966-10-01,4222.531799363557,4331.507456140353,4242.580033727323,4949.217420705092,5457
1966-11-01,4233.20420339848,4151.9811403508775,4181.102870107997,4777.102185386805,5198
1966-12-01,4243.876607433402,3913.4548245614046,3936.3246113470977,4907.60242833056,4890
